"","technique","mean_time","lowerBound_CI","upperBound_CI "
"1","geometric",3.82547169811321,3.45283018867925,4.17924528301887
"2","iconic",3.08962264150943,2.74528301886792,3.44146705180458
