"","technique","mean_time","lowerBound_CI","upperBound_CI "
"1","geometric",3.90566037735849,3.62735849056604,4.19811320754717
"2","iconic",2.81132075471698,2.47169811320755,3.18396226415094
