"","technique","mean_time","lowerBound_CI","upperBound_CI "
"1","geometric",3.81037735849057,3.54528301886792,4.07830188679245
"2","iconic",3.27830188679245,3.02075471698113,3.5578098908194
