"","technique","mean_time","lowerBound_CI","upperBound_CI "
"1","geometric",4.51363636363636,4.20681818181818,4.84217123154527
"2","iconic",4.64318181818182,4.26363636363636,4.97699484812612
