"","technique","mean_time","lowerBound_CI","upperBound_CI "
"1","geometric",4.22452830188679,3.97358490566038,4.5
"2","iconic",4.46603773584906,4.18216115054684,4.72830188679245
