"","technique","mean_time","lowerBound_CI","upperBound_CI "
"1","geometric",4.17045454545455,3.81409319582908,4.52272727272727
"2","iconic",2.91477272727273,2.52272727272727,3.34090909090909
